Name,Description,Latitude,Longitude,Type
Entrance #82971,"Type: Entrance, Accuracy: 3.54235m",25.2973354011126,51.420122992802,Entrance
Entrance #82972,"Type: Entrance, Accuracy: 5.77845m",25.2973618972017,51.4207141978743,Entrance
Entrance #82973,"Type: Entrance, Accuracy: 9.441m",25.2976096,51.4199739,Entrance
Entrance #82975,"Type: Entrance, Accuracy: 4.5754m",25.2975858096922,51.4707495709916,Entrance
Entrance #82976,"Type: Entrance, Accuracy: 13.65925m",25.2978381017734,51.420223843459,Entrance
Entrance #82977,"Type: Entrance, Accuracy: 5.125m",25.2983520346456,51.4207712880895,Entrance
Entrance #82978,"Type: Entrance, Accuracy: 8.22375m",25.2985416613926,51.4467223136553,Entrance
Entrance #82979,"Type: Entrance, Accuracy: 17.1606666666667m",25.2986958,51.4987856,Entrance
Entrance #82980,"Type: Entrance, Accuracy: 2.742m",25.299774901104,51.4407027436581,Entrance
Entrance #82981,"Type: Entrance, Accuracy: 11.45m",25.2999547438283,51.4058148354403,Entrance
Entrance #82982,"Type: Entrance, Accuracy: 4.67585m",25.3001125513717,51.5015994958837,Entrance
Entrance #82983,"Type: Entrance, Accuracy: 21.553m",25.3005914686913,51.4209829115027,Entrance
Entrance #82984,"Type: Entrance, Accuracy: 1.7269m",25.3005956,51.4202098,Entrance
Entrance #82986,"Type: Entrance, Accuracy: 7.498m",25.3014064519605,51.4607077516628,Entrance
Entrance #82987,"Type: Entrance, Accuracy: 5.989m",25.3029530819082,51.4903580299163,Entrance
Entrance #82988,"Type: Entrance, Accuracy: 9.766m",25.3029952653336,51.4183331939353,Entrance
Entrance #82989,"Type: Entrance, Accuracy: 11.255m",25.3057591794839,51.4472953503778,Entrance
Entrance #82990,"Type: Entrance, Accuracy: 7.178m",25.3062062817993,51.498416146933,Entrance
Entrance #82991,"Type: Entrance, Accuracy: 9.3231m",25.3065289836747,51.4983898578447,Entrance
Entrance #82992,"Type: Entrance, Accuracy: 8.086m",25.3064591590462,51.4984136511665,Entrance
Entrance #82993,"Type: Entrance, Accuracy: 7.284m",25.3075404578785,51.4969289600126,Entrance
Entrance #82994,"Type: Entrance, Accuracy: 8.75675m",25.3075679364059,51.497194832607,Entrance
Entrance #82995,"Type: Entrance, Accuracy: 9.441m",25.308185206412,51.4972992132335,Entrance
Entrance #82996,"Type: Entrance, Accuracy: 7.9215m",25.3085576795209,51.4102400738763,Entrance
Entrance #82997,"Type: Entrance, Accuracy: 3.034m",25.3087439,51.4104002,Entrance
Entrance #82998,"Type: Entrance, Accuracy: 5.338m",25.3101854079272,51.4962567755171,Entrance
Entrance #82999,"Type: Entrance, Accuracy: 36.2344444444444m",25.3119467036506,51.495301438746,Entrance
Entrance #83001,"Type: Entrance, Accuracy: 8.388m",25.3134245,51.5137097,Entrance
Entrance #83002,"Type: Entrance, Accuracy: 1.135m",25.3134103477117,51.4633840453349,Entrance
Entrance #83003,"Type: Entrance, Accuracy: 3.96m",25.3136153325414,51.512273136721,Entrance
Entrance #83004,"Type: Entrance, Accuracy: 10.282m",25.313683014443,51.5215232229406,Entrance
Entrance #83005,"Type: Entrance, Accuracy: 15.825m",25.3140979084315,51.5214356339774,Entrance
Entrance #83006,"Type: Entrance, Accuracy: 1.57195m",25.3138750981701,51.4734261690634,Entrance
Entrance #83007,"Type: Entrance, Accuracy: 10.957m",25.3139011104741,51.5215861549444,Entrance
Entrance #83008,"Type: Entrance, Accuracy: 5.04621052631579m",25.3141098945087,51.4868145141838,Entrance
Entrance #83009,"Type: Entrance, Accuracy: 12.597m",25.3140849855314,51.5215012940787,Entrance
Entrance #83010,"Type: Entrance, Accuracy: 7.947m",25.3140866950467,51.5214926081834,Entrance
Entrance #83011,"Type: Entrance, Accuracy: 4.07225m",25.3146110114856,51.4949627254768,Entrance
Entrance #83012,"Type: Entrance, Accuracy: 8.663m",25.315845,51.4696057,Entrance
Entrance #83013,"Type: Entrance, Accuracy: 14.055m",25.3164483073519,51.4950894322049,Entrance
Entrance #83014,"Type: Entrance, Accuracy: 2.3887m",25.3165367230914,51.4952532256474,Entrance
Entrance #83015,"Type: Entrance, Accuracy: 7.3044m",25.317019894487,51.4864313056489,Entrance
Entrance #83016,"Type: Entrance, Accuracy: 7.659m",25.3169135,51.5131994,Entrance
Entrance #83017,"Type: Entrance, Accuracy: 1.97822222222222m",25.3175916743712,51.5133688923067,Entrance
Entrance #83018,"Type: Entrance, Accuracy: 6.79525m",25.317345949498,51.4693166663704,Entrance
Entrance #83019,"Type: Entrance, Accuracy: 9.62765m",25.317316,51.5132437,Entrance
Entrance #83020,"Type: Entrance, Accuracy: 4.9924m",25.3173242392021,51.4984263454074,Entrance
Entrance #83021,"Type: Entrance, Accuracy: 3.644m",25.317605913331,51.4975324682386,Entrance
Entrance #83022,"Type: Entrance, Accuracy: 3.6462m",25.3174581668384,51.5130488552552,Entrance
Entrance #83023,"Type: Entrance, Accuracy: 6.21985m",25.3175677772101,51.5133741075013,Entrance
Entrance #83024,"Type: Entrance, Accuracy: 9.21985m",25.3181515687004,51.470110021236,Entrance
Entrance #83025,"Type: Entrance, Accuracy: 4.9231m",25.3183586518412,51.4864163133676,Entrance
Entrance #83026,"Type: Entrance, Accuracy: 14.7516428571429m",25.3183621845112,51.5206906786944,Entrance
Entrance #83027,"Type: Entrance, Accuracy: 6.5192m",25.3182201348889,51.5271946702902,Entrance
Entrance #83028,"Type: Entrance, Accuracy: 7.41745m",25.3189417538277,51.4699334011404,Entrance
Entrance #83029,"Type: Entrance, Accuracy: 1.918m",25.3189373,51.5215451,Entrance
Entrance #83030,"Type: Entrance, Accuracy: 9.6452m",25.3192406948789,51.4699353167344,Entrance
Entrance #83031,"Type: Entrance, Accuracy: 10.0633888888889m",25.3186606239519,51.52744995522,Entrance
Entrance #83032,"Type: Entrance, Accuracy: 4.2716m",25.3188737481577,51.5274042317629,Entrance
Entrance #83033,"Type: Entrance, Accuracy: 6.57095m",25.3195146981561,51.4862201362623,Entrance
Entrance #83035,"Type: Entrance, Accuracy: 5.2805m",25.3196018129116,51.407485,Entrance
Entrance #83036,"Type: Entrance, Accuracy: 13.43925m",25.3196978055337,51.4930622319112,Entrance
Entrance #83037,"Type: Entrance, Accuracy: 5.45955m",25.3198360944661,51.4068907819159,Entrance
Entrance #83038,"Type: Entrance, Accuracy: 5.78m",25.3197106748107,51.469668646593,Entrance
Entrance #83039,"Type: Entrance, Accuracy: 10.0261176470588m",25.3195244110657,51.4862021681084,Entrance
Entrance #83040,"Type: Entrance, Accuracy: 6.60044444444444m",25.3199255926207,51.4075640554216,Entrance
Entrance #83041,"Type: Entrance, Accuracy: 9.79955m",25.3198746036899,51.4862457680626,Entrance
Entrance #83042,"Type: Entrance, Accuracy: 5.1373m",25.3200449944645,51.4074134917028,Entrance
Entrance #83043,"Type: Entrance, Accuracy: 8.3376m",25.3198381055348,51.4077087277377,Entrance
Entrance #83044,"Type: Entrance, Accuracy: 5.48795m",25.3199899963099,51.4075095638888,Entrance
Entrance #83045,"Type: Entrance, Accuracy: 9.0619m",25.3199755,51.4073012361039,Entrance
Entrance #83046,"Type: Entrance, Accuracy: 11.1835714285714m",25.3207230852271,51.4769370961424,Entrance
Entrance #83047,"Type: Entrance, Accuracy: 1.17975m",25.3200462,51.5383317,Entrance
Entrance #83048,"Type: Entrance, Accuracy: 6.6358m",25.3205930981534,51.4541495320471,Entrance
Entrance #83050,"Type: Entrance, Accuracy: 9.74225m",25.3208306488344,51.486087129202,Entrance
Entrance #83051,"Type: Entrance, Accuracy: 7.5631m",25.3192405668353,51.5367759578468,Entrance
Entrance #83052,"Type: Entrance, Accuracy: 7.938m",25.3212844762146,51.4738187885951,Entrance
Entrance #83053,"Type: Entrance, Accuracy: 15.51525m",25.3214390688679,51.4895383718719,Entrance
Entrance #83054,"Type: Entrance, Accuracy: 11.4645m",25.3216104981509,51.4373508177846,Entrance
Entrance #83055,"Type: Entrance, Accuracy: 20.575m",25.3220468018503,51.4363655677065,Entrance
Entrance #83056,"Type: Entrance, Accuracy: 5.8877m",25.3223882280178,51.5256985404554,Entrance
Entrance #83057,"Type: Entrance, Accuracy: 3.8212m",25.3226024,51.4871772,Entrance
Entrance #83058,"Type: Entrance, Accuracy: 6.9713m",25.3223907438494,51.4875339144747,Entrance
Entrance #83059,"Type: Entrance, Accuracy: 5.563m",25.3224075181987,51.5250371754399,Entrance
Entrance #83060,"Type: Entrance, Accuracy: 11.9948333333333m",25.3226622148173,51.47362375933191,Entrance
Entrance #83061,"Type: Entrance, Accuracy: 7.806m",25.3226806575117,51.5263114078745,Entrance
Entrance #83062,"Type: Entrance, Accuracy: 9.6666m",25.3227306,51.5250357,Entrance
Entrance #83063,"Type: Entrance, Accuracy: 14.96525m",25.3226896314948,51.5263266271378,Entrance
Entrance #83064,"Type: Entrance, Accuracy: 7.237m",25.3227310635945,51.5251583114825,Entrance
Entrance #83065,"Type: Entrance, Accuracy: 3.889m",25.3229891233288,51.4869168834624,Entrance
Entrance #83067,"Type: Entrance, Accuracy: 1.9126m",25.32326,51.4997714350177,Entrance
Entrance #83068,"Type: Entrance, Accuracy: 4.8333m",25.3233004518534,51.4998142325009,Entrance
Entrance #83069,"Type: Entrance, Accuracy: 11.463m",25.3241841031677,51.5300150766226,Entrance
Entrance #83070,"Type: Entrance, Accuracy: 17.5378461538462m",25.3249807684348,51.5293123818937,Entrance
Entrance #83071,"Type: Entrance, Accuracy: 7.21445m",25.3258734,51.5304679,Entrance
Entrance #83072,"Type: Entrance, Accuracy: 7.563m",25.3251461,51.5379092,Entrance
Entrance #83073,"Type: Entrance, Accuracy: 11.86475m",25.3255172483617,51.5305123317724,Entrance
Entrance #83074,"Type: Entrance, Accuracy: 8.146m",25.325578135441,51.5261929003749,Entrance
Entrance #83075,"Type: Entrance, Accuracy: 9.967m",25.3259431932695,51.5247136541359,Entrance
Entrance #83076,"Type: Entrance, Accuracy: 4.0002m",25.3261626688295,51.4644872487424,Entrance
Entrance #83077,"Type: Entrance, Accuracy: 6.515m",25.3258616697242,51.5243518504736,Entrance
Entrance #83078,"Type: Entrance, Accuracy: 9.96m",25.3269646004618,51.5325338786056,Entrance
Entrance #83079,"Type: Entrance, Accuracy: 13.916m",25.3271027370585,51.3511897805306,Entrance
Entrance #83080,"Type: Entrance, Accuracy: 15.643m",25.3281824220967,51.3511941499362,Entrance
Entrance #83081,"Type: Entrance, Accuracy: 5.227m",25.327014488382,51.464010642676,Entrance
Entrance #83082,"Type: Entrance, Accuracy: 12.422m",25.3272609535486,51.4661092620451,Entrance
Entrance #83083,"Type: Entrance, Accuracy: 3.849m",25.3273967534248,51.4640935879378,Entrance
Entrance #83084,"Type: Entrance, Accuracy: 6.769m",25.3278991754447,51.4506169734838,Entrance
Entrance #83085,"Type: Entrance, Accuracy: 6.09265m",25.3278981422599,51.4505043749519,Entrance
Entrance #83086,"Type: Entrance, Accuracy: 6.275m",25.3279024953992,51.4509787887176,Entrance
Entrance #83087,"Type: Entrance, Accuracy: 7.266m",25.3279033389198,51.4510707172618,Entrance
Entrance #83088,"Type: Entrance, Accuracy: 10.371m",25.3277196957072,51.4513296646134,Entrance
Entrance #83089,"Type: Entrance, Accuracy: 5.94m",25.3278193,51.4651429,Entrance
Entrance #83090,"Type: Entrance, Accuracy: 6.8926m",25.3278991513504,51.4506143476412,Entrance
Entrance #83091,"Type: Entrance, Accuracy: 5.77635m",25.3280970870507,51.4505439482053,Entrance
Entrance #83092,"Type: Entrance, Accuracy: 7.79752631578947m",25.3279013923016,51.4508585709531,Entrance
Entrance #83093,"Type: Entrance, Accuracy: 10.3684m",25.3283719,51.450436,Entrance
Entrance #83094,"Type: Entrance, Accuracy: 4.143m",25.3283482762136,51.4543895000176,Entrance
Entrance #83095,"Type: Entrance, Accuracy: 4.04975m",25.3284376905496,51.4539182899535,Entrance
Entrance #83097,"Type: Entrance, Accuracy: 6.329m",25.3287334611927,51.3498720146749,Entrance
Entrance #83098,"Type: Entrance, Accuracy: 14.96475m",25.3303109607335,51.3851329023436,Entrance
Entrance #83099,"Type: Entrance, Accuracy: 21.8695m",25.3316165,51.4986448338733,Entrance
Entrance #83100,"Type: Entrance, Accuracy: 36.378m",25.3315895745481,51.5366798160775,Entrance
Entrance #83101,"Type: Entrance, Accuracy: 6.99615m",25.3326261924946,51.4726663979154,Entrance
Entrance #83102,"Type: Entrance, Accuracy: 8.3449m",25.332958750074,51.4649828682666,Entrance
Entrance #83103,"Type: Entrance, Accuracy: 4.479m",25.3335439709639,51.4664759040126,Entrance
Entrance #83104,"Type: Entrance, Accuracy: 11.0527m",25.3338753957413,51.467321436498,Entrance
Entrance #83105,"Type: Entrance, Accuracy: 15.4137m",25.3337957,51.4922190054028,Entrance
Entrance #83106,"Type: Entrance, Accuracy: 6.4752m",25.3342508981195,51.4675154656939,Entrance
Entrance #83107,"Type: Entrance, Accuracy: 5.69565m",25.3351886429871,51.4670452948994,Entrance
Entrance #83108,"Type: Entrance, Accuracy: 3.20395238095238m",25.3345713118027,51.4651145782083,Entrance
Entrance #83109,"Type: Entrance, Accuracy: 8.243m",25.3347087038291,51.4433248123686,Entrance
Entrance #83110,"Type: Entrance, Accuracy: 11.761m",25.3346987112917,51.4452652311972,Entrance
Entrance #83111,"Type: Entrance, Accuracy: 16.1096m",25.33475201694,51.4453112967422,Entrance
Entrance #83112,"Type: Entrance, Accuracy: 4.1326m",25.3348746,51.4642828,Entrance
Entrance #83113,"Type: Entrance, Accuracy: 3.1183m",25.3349619924714,51.4425752214387,Entrance
Entrance #83114,"Type: Entrance, Accuracy: 6.65925m",25.3351496537658,51.4445336432167,Entrance
Entrance #83115,"Type: Entrance, Accuracy: 4.814m",25.3347819,51.445322268794,Entrance
Entrance #83116,"Type: Entrance, Accuracy: 43.633m",25.3345477156187,51.4650548401521,Entrance
Entrance #83117,"Type: Entrance, Accuracy: 11.27m",25.3351304286344,51.4671280906009,Entrance
Entrance #83118,"Type: Entrance, Accuracy: 4.027m",25.3349761128175,51.4661394004326,Entrance
Entrance #83119,"Type: Entrance, Accuracy: 7.31m",25.3352181006993,51.4670310546709,Entrance
Entrance #83120,"Type: Entrance, Accuracy: 7.6336m",25.3351123,51.4670822,Entrance
Entrance #83121,"Type: Entrance, Accuracy: 12.3405m",25.3352535056496,51.4605020000388,Entrance
Entrance #83122,"Type: Entrance, Accuracy: 4.9493m",25.3360975094269,51.4732772346298,Entrance
Entrance #83123,"Type: Entrance, Accuracy: 9.076m",25.3362633756004,51.4598584082869,Entrance
Entrance #83124,"Type: Entrance, Accuracy: 7.33545m",25.336518,51.4745301306315,Entrance
Entrance #83125,"Type: Entrance, Accuracy: 6.92066666666667m",25.3363541,51.4802483,Entrance
Entrance #83126,"Type: Entrance, Accuracy: 24.3415m",25.336819093012,51.506496182756,Entrance
Entrance #83127,"Type: Entrance, Accuracy: 8.288m",25.3367406075867,51.5066013333803,Entrance
Entrance #83128,"Type: Entrance, Accuracy: 3.361m",25.33687,51.5048692,Entrance
Entrance #83129,"Type: Entrance, Accuracy: 33.8106666666667m",25.3374185037771,51.4672955348393,Entrance
Entrance #83130,"Type: Entrance, Accuracy: 4.281m",25.3376036760007,51.4800988206792,Entrance
Entrance #83132,"Type: Entrance, Accuracy: 8.9612m",25.3379287,51.4730808047531,Entrance
Entrance #83133,"Type: Entrance, Accuracy: 27.196m",25.3377080801861,51.5051534820295,Entrance
Entrance #83134,"Type: Entrance, Accuracy: 7.915m",25.3377078556834,51.50516105535191,Entrance
Entrance #83135,"Type: Entrance, Accuracy: 6.0787m",25.3383302381311,51.4592677789485,Entrance
Entrance #83136,"Type: Entrance, Accuracy: 7.30725m",25.3383388372174,51.4593171777206,Entrance
Entrance #83137,"Type: Entrance, Accuracy: 17.88195m",25.3385049,51.4670858400522,Entrance
Entrance #83138,"Type: Entrance, Accuracy: 12.0289m",25.3385725886538,51.4720406299878,Entrance
Entrance #83139,"Type: Entrance, Accuracy: 12.1724666666667m",25.3387500145876,51.4814644690693,Entrance
Entrance #83140,"Type: Entrance, Accuracy: 44.5125m",25.3387448239503,51.4803486983327,Entrance
Entrance #83141,"Type: Entrance, Accuracy: 1.6514m",25.3390163981076,51.4775695201894,Entrance
Entrance #83142,"Type: Entrance, Accuracy: 24.428m",25.3380230583589,51.48049961162769,Entrance
Entrance #83143,"Type: Entrance, Accuracy: 17.3476m",25.3381571037807,51.4802990052691,Entrance
Entrance #83144,"Type: Entrance, Accuracy: 3.4118125m",25.3392718056795,51.4766039188075,Entrance
Entrance #83145,"Type: Entrance, Accuracy: 6.29347368421053m",25.3393727,51.47686811094,Entrance
Entrance #83146,"Type: Entrance, Accuracy: 4.3995m",25.3394583075747,51.4614252889023,Entrance
Entrance #83147,"Type: Entrance, Accuracy: 6.2102m",25.3395117518937,51.466293494451904,Entrance
Entrance #83148,"Type: Entrance, Accuracy: 8.67271428571429m",25.3426321133462,51.4317707468647,Entrance
Entrance #83149,"Type: Entrance, Accuracy: 7.3858m",25.3438928961911,51.4431125358988,Entrance
Entrance #83150,"Type: Entrance, Accuracy: 6.4226m",25.3444341885664,51.4469176981659,Entrance
Entrance #83151,"Type: Entrance, Accuracy: 4.32188888888889m",25.3450857790232,51.4608902393098,Entrance
Entrance #83152,"Type: Entrance, Accuracy: 5.9859m",25.3457952019093,51.4493698637772,Entrance
Entrance #83153,"Type: Entrance, Accuracy: 6.32336842105263m",25.3474263095676,51.457460663495,Entrance
Entrance #83154,"Type: Entrance, Accuracy: 5.648m",25.347356313766,51.4853790771206,Entrance
Entrance #83156,"Type: Entrance, Accuracy: 10.311m",25.3482124899701,51.4578953499136,Entrance
Entrance #83157,"Type: Entrance, Accuracy: 4.67885m",25.3482074,51.4716375661918,Entrance
Entrance #83158,"Type: Entrance, Accuracy: 36.48525m",25.3486695019164,51.443563,Entrance
Entrance #83159,"Type: Entrance, Accuracy: 5.081m",25.348676377561,51.4573776361751,Entrance
Entrance #83160,"Type: Entrance, Accuracy: 4.37865m",25.3490073043945,51.4572143441838,Entrance
Entrance #83161,"Type: Entrance, Accuracy: 9.67m",25.3491798248556,51.4564143601554,Entrance
Entrance #83162,"Type: Entrance, Accuracy: 14.026m",25.3492910747502,51.4563590922554,Entrance
Entrance #83163,"Type: Entrance, Accuracy: 8.346m",25.3491809796006,51.457128004294,Entrance
Entrance #83164,"Type: Entrance, Accuracy: 6.05m",25.3493903675628,51.4563097643697,Entrance
Entrance #83165,"Type: Entrance, Accuracy: 5.96195m",25.3494857,51.457047473661696,Entrance
Entrance #83166,"Type: Entrance, Accuracy: 6.28105m",25.3494966903491,51.4562569438901,Entrance
Entrance #83167,"Type: Entrance, Accuracy: 4.05035m",25.3495324,51.4570303,Entrance
Entrance #83168,"Type: Entrance, Accuracy: 7.11915m",25.349589734706,51.4564415202572,Entrance
Entrance #83169,"Type: Entrance, Accuracy: 7.27394444444444m",25.3496985095959,51.5311331851497,Entrance
Entrance #83170,"Type: Entrance, Accuracy: 8.1172m",25.3497685961619,51.4569007106149,Entrance
Entrance #83171,"Type: Entrance, Accuracy: 7.14463157894737m",25.3502749038409,51.5120363260648,Entrance
Entrance #83172,"Type: Entrance, Accuracy: 14.434m",25.3502791773254,51.528364361174496,Entrance
Entrance #83174,"Type: Entrance, Accuracy: 9.78515m",25.3508675,51.47633742411929,Entrance
Entrance #83175,"Type: Entrance, Accuracy: 14.23075m",25.3512401867558,51.4392905403524,Entrance
Entrance #83176,"Type: Entrance, Accuracy: 5.8366m",25.3514437519233,51.43969781010689,Entrance
Entrance #83177,"Type: Entrance, Accuracy: 8.03195m",25.352133801925,51.4295434754552,Entrance
Entrance #83178,"Type: Entrance, Accuracy: 5.195m",25.3521449950395,51.4580919203363,Entrance
Entrance #83179,"Type: Entrance, Accuracy: 6.2567m",25.3521907519252,51.43011145,Entrance
Entrance #83180,"Type: Entrance, Accuracy: 9.8011m",25.3524184,51.4453664,Entrance
Entrance #83181,"Type: Entrance, Accuracy: 11.94655m",25.3521089480751,51.4295500372622,Entrance
Entrance #83182,"Type: Entrance, Accuracy: 7.69255m",25.3523034019255,51.4334653595075,Entrance
Entrance #83183,"Type: Entrance, Accuracy: 3.8582m",25.3523774480744,51.3716302746134,Entrance
Entrance #83184,"Type: Entrance, Accuracy: 4.775m",25.3526002852391,51.4792460000093,Entrance
Entrance #83185,"Type: Entrance, Accuracy: 7.36805m",25.3523915980744,51.371559862691,Entrance
Entrance #83186,"Type: Entrance, Accuracy: 4.9954m",25.3525568077049,51.4346751373516,Entrance
Entrance #83187,"Type: Entrance, Accuracy: 6.08805m",25.3526846980737,51.4347672373576,Entrance
Entrance #83188,"Type: Entrance, Accuracy: 11.514m",25.3525190691627,51.4792906191066,Entrance
Entrance #83189,"Type: Entrance, Accuracy: 15.0m",25.3532333557836,51.4612882876183,Entrance
Entrance #83190,"Type: Entrance, Accuracy: 4.185m",25.35398,51.4638086,Entrance
Entrance #83191,"Type: Entrance, Accuracy: 4.497m",25.354772032769,51.466410832221,Entrance
Entrance #83192,"Type: Entrance, Accuracy: 8.29755m",25.3547756159662,51.4664219290528,Entrance
Entrance #83193,"Type: Entrance, Accuracy: 6.06928571428571m",25.354921224649,51.5251020654578,Entrance
Entrance #83194,"Type: Entrance, Accuracy: 10.60945m",25.3547593,51.4663714,Entrance
Entrance #83195,"Type: Entrance, Accuracy: 5.21231578947369m",25.3547764360556,51.466424468794,Entrance
Entrance #83196,"Type: Entrance, Accuracy: 3.20035m",25.3550082750109,51.4388378220208,Entrance
Entrance #83197,"Type: Entrance, Accuracy: 6.4275m",25.3550812538648,51.4282620010545,Entrance
Entrance #83198,"Type: Entrance, Accuracy: 4.05m",25.3555968753622,51.438864995795,Entrance
Entrance #83199,"Type: Entrance, Accuracy: 21.53m",25.3558303939777,51.524969558135695,Entrance
Entrance #83200,"Type: Entrance, Accuracy: 9.69115m",25.3562481935005,51.4392732467799,Entrance
Entrance #83201,"Type: Entrance, Accuracy: 12.107m",25.3561891152313,51.4392995151436,Entrance
Entrance #83202,"Type: Entrance, Accuracy: 10.3915m",25.3569824,51.438477726145,Entrance
Entrance #83203,"Type: Entrance, Accuracy: 5.1012m",25.357129503875,51.4772332524117,Entrance
Entrance #83204,"Type: Entrance, Accuracy: 14.212m",25.3580178821112,51.5266454929041,Entrance
Entrance #83205,"Type: Entrance, Accuracy: 6.7777m",25.3581972654816,51.4285527311169,Entrance
Entrance #83206,"Type: Entrance, Accuracy: 6.1002m",25.3584394767515,51.5135569665466,Entrance
Entrance #83207,"Type: Entrance, Accuracy: 10.293m",25.3585187,51.5682227,Entrance
Entrance #83208,"Type: Entrance, Accuracy: 8.909m",25.3587254201525,51.5265152329711,Entrance
Entrance #83209,"Type: Entrance, Accuracy: 7.44628571428571m",25.3588493,51.5265148,Entrance
Entrance #83210,"Type: Entrance, Accuracy: 10.553m",25.3593814915259,51.50098996332871,Entrance
Entrance #83211,"Type: Entrance, Accuracy: 11.464m",25.3596765574165,51.5010813874563,Entrance
Entrance #83212,"Type: Entrance, Accuracy: 9.993m",25.3596758351696,51.5011484240017,Entrance
Entrance #83213,"Type: Entrance, Accuracy: 4.3171m",25.3604218809673,51.5257850787566,Entrance
Entrance #83214,"Type: Entrance, Accuracy: 4.491m",25.3609364006803,51.5283066991788,Entrance
Entrance #83215,"Type: Entrance, Accuracy: 4.8284m",25.3609687148308,51.5282738254346,Entrance
Entrance #83216,"Type: Entrance, Accuracy: 12.165m",25.3608754,51.5269862,Entrance
Entrance #83217,"Type: Entrance, Accuracy: 8.747m",25.3612405519297,51.3720100001778,Entrance
Entrance #83218,"Type: Entrance, Accuracy: 8.96535m",25.3619253116976,51.437402111277,Entrance
Entrance #83219,"Type: Entrance, Accuracy: 11.467m",25.3621569824545,51.4474807389025,Entrance
Entrance #83220,"Type: Entrance, Accuracy: 5.2817m",25.3621799980501,51.4474931610694,Entrance
Entrance #83221,"Type: Entrance, Accuracy: 9.39384210526316m",25.3627206546722,51.5431645301894,Entrance
Entrance #83223,"Type: Entrance, Accuracy: 12.8555m",25.3628823523232,51.5572724468457,Entrance
Entrance #83225,"Type: Entrance, Accuracy: 9.11386666666667m",25.3632778539056,51.5250782,Entrance
Entrance #83226,"Type: Entrance, Accuracy: 24.75m",25.3635668302306,51.5592333928836,Entrance
Entrance #83227,"Type: Entrance, Accuracy: 4.51563157894737m",25.3639993019545,51.4260639822856,Entrance
Entrance #83229,"Type: Entrance, Accuracy: 8.25505m",25.3643662097781,51.4259539855114,Entrance
Entrance #83230,"Type: Entrance, Accuracy: 14.6741111111111m",25.3648509746203,51.545234240865,Entrance
Entrance #83231,"Type: Entrance, Accuracy: 7.17m",25.365063181176,51.543557692797,Entrance
Entrance #83232,"Type: Entrance, Accuracy: 13.5466666666667m",25.3658707591926,51.5464067092342,Entrance
Entrance #83233,"Type: Entrance, Accuracy: 7.03025m",25.3649961,51.5451804,Entrance
Entrance #83234,"Type: Entrance, Accuracy: 8.9083m",25.3657344,51.5463142,Entrance
Entrance #83235,"Type: Entrance, Accuracy: 22.33m",25.3662264900467,51.5468137984262,Entrance
Entrance #83236,"Type: Entrance, Accuracy: 11.5096m",25.3662388514956,51.5531893246154,Entrance
Entrance #83237,"Type: Entrance, Accuracy: 11.307m",25.3664103616525,51.5475021901752,Entrance
Entrance #83238,"Type: Entrance, Accuracy: 7.665m",25.3666886,51.5473471,Entrance
Entrance #83239,"Type: Entrance, Accuracy: 26.682m",25.3669643,51.5475967,Entrance
Entrance #83240,"Type: Entrance, Accuracy: 8.888m",25.3674500132618,51.5611936870167,Entrance
Entrance #83241,"Type: Entrance, Accuracy: 12.40925m",25.3676030960733,51.548193626426,Entrance
Entrance #83242,"Type: Entrance, Accuracy: 11.96175m",25.3677720912582,51.539716527062,Entrance
Entrance #83243,"Type: Entrance, Accuracy: 5.22415789473684m",25.3679542980357,51.4244861089881,Entrance
Entrance #83246,"Type: Entrance, Accuracy: 22.3770714285714m",25.368476,51.5505546,Entrance
Entrance #83248,"Type: Entrance, Accuracy: 13.99025m",25.3692901,51.4741983690746,Entrance
Entrance #83249,"Type: Entrance, Accuracy: 5.8632m",25.3698102059072,51.4505969,Entrance
Entrance #83250,"Type: Entrance, Accuracy: 4.8093m",25.3700536460611,51.5256549902325,Entrance
Entrance #83251,"Type: Entrance, Accuracy: 6.60773684210526m",25.3703241576756,51.5398212151365,Entrance
Entrance #83252,"Type: Entrance, Accuracy: 1.71294736842105m",25.3702351039402,51.5256868402748,Entrance
Entrance #83253,"Type: Entrance, Accuracy: 7.18955m",25.3706220690389,51.525994961756,Entrance
Entrance #83254,"Type: Entrance, Accuracy: 7.0208m",25.370608801971,51.525928678999,Entrance
Entrance #83255,"Type: Entrance, Accuracy: 5.78985m",25.3715531841771,51.5400740384547,Entrance
Entrance #83258,"Type: Entrance, Accuracy: 19.104m",25.3721057303415,51.4398982857794,Entrance
Entrance #83259,"Type: Entrance, Accuracy: 7.74815m",25.372364770381,51.52755944345751,Entrance
Entrance #83260,"Type: Entrance, Accuracy: 17.533m",25.3725849006126,51.5415587488224,Entrance
Entrance #83261,"Type: Entrance, Accuracy: 33.437m",25.373129877611,51.5343479564759,Entrance
Entrance #83262,"Type: Entrance, Accuracy: 21.4808571428571m",25.3731582960457,51.4722569814945,Entrance
Entrance #83263,"Type: Entrance, Accuracy: 17.1203333333333m",25.3734841538596,51.5369483532288,Entrance
Entrance #83264,"Type: Entrance, Accuracy: 13.4317142857143m",25.3732813,51.5448546,Entrance
Entrance #83265,"Type: Entrance, Accuracy: 10.8769m",25.3733238745619,51.4495499086239,Entrance
Entrance #83266,"Type: Entrance, Accuracy: 7.351m",25.3733385346381,51.5452400606507,Entrance
Entrance #83267,"Type: Entrance, Accuracy: 9.8182m",25.3738225700599,51.5374848823352,Entrance
Entrance #83268,"Type: Entrance, Accuracy: 2.3748m",25.3741200519047,51.4400197390036,Entrance
Entrance #83269,"Type: Entrance, Accuracy: 8.92545m",25.3748674176108,51.5390641715672,Entrance
Entrance #83270,"Type: Entrance, Accuracy: 4.85445454545455m",25.3745539178302,51.4676596769639,Entrance
Entrance #83271,"Type: Entrance, Accuracy: 7.2918m",25.3750057485028,51.4678192294226,Entrance
Entrance #83272,"Type: Entrance, Accuracy: 3.6181m",25.3747634039627,51.4673766076937,Entrance
Entrance #83273,"Type: Entrance, Accuracy: 20.727m",25.374855450292,51.5390075336909,Entrance
Entrance #83274,"Type: Entrance, Accuracy: 6.91926315789474m",25.374735986134,51.467388591924,Entrance
Entrance #83275,"Type: Entrance, Accuracy: 19.018m",25.3748557801138,51.5390090946425,Entrance
Entrance #83276,"Type: Entrance, Accuracy: 8.56315m",25.3747460782123,51.4674088508153,Entrance
Entrance #83277,"Type: Entrance, Accuracy: 10.0738m",25.3747579841531,51.4673949919314,Entrance
Entrance #83278,"Type: Entrance, Accuracy: 6.2409m",25.3747556584143,51.4673892228634,Entrance
Entrance #83279,"Type: Entrance, Accuracy: 5.2646m",25.3749914019819,51.4682802589397,Entrance
Entrance #83280,"Type: Entrance, Accuracy: 11.59915m",25.37500415,51.4675179321188,Entrance
Entrance #83281,"Type: Entrance, Accuracy: 5.5017m",25.3748320198187,51.4675954304495,Entrance
Entrance #83282,"Type: Entrance, Accuracy: 6.0965m",25.3751033138769,51.4682145301265,Entrance
Entrance #83283,"Type: Entrance, Accuracy: 9.16675m",25.3748738019816,51.4682733410408,Entrance
Entrance #83284,"Type: Entrance, Accuracy: 5.808m",25.3752435560745,51.5417133889867,Entrance
Entrance #83285,"Type: Entrance, Accuracy: 6.3443m",25.3748301702891,51.46735745492511,Entrance
Entrance #83286,"Type: Entrance, Accuracy: 9.43705882352941m",25.3757132841341,51.5246060561677,Entrance
Entrance #83287,"Type: Entrance, Accuracy: 10.06485m",25.375275,51.4676397,Entrance
Entrance #83288,"Type: Entrance, Accuracy: 9.737m",25.3760592,51.5448246,Entrance
Entrance #83289,"Type: Entrance, Accuracy: 6.529m",25.3760223,51.5447646,Entrance
Entrance #83290,"Type: Entrance, Accuracy: 4.029m",25.3762946363407,51.5446374756385,Entrance
Entrance #83291,"Type: Entrance, Accuracy: 29.2456666666667m",25.3766832446643,51.536939366187504,Entrance
Entrance #83292,"Type: Entrance, Accuracy: 4.1752m",25.376961149208,51.5093416715,Entrance
Entrance #83293,"Type: Entrance, Accuracy: 5.933m",25.3774148708102,51.5446314623602,Entrance
Entrance #83294,"Type: Entrance, Accuracy: 11.476m",25.3774457335297,51.5256256355618,Entrance
Entrance #83295,"Type: Entrance, Accuracy: 7.31m",25.3778213307929,51.5243398089442,Entrance
Entrance #83296,"Type: Entrance, Accuracy: 11.0048571428571m",25.3805839319431,51.4633095695006,Entrance
Entrance #83297,"Type: Entrance, Accuracy: 6.95866666666667m",25.3806404,51.4637725580059,Entrance
Entrance #83298,"Type: Entrance, Accuracy: 20.75125m",25.3844954221338,51.4436947065832,Entrance
Entrance #83299,"Type: Entrance, Accuracy: 42.8613333333333m",25.3831767,51.4674966,Entrance
Entrance #83300,"Type: Entrance, Accuracy: 6.881m",25.3830049167346,51.5234900705589,Entrance
Entrance #83301,"Type: Entrance, Accuracy: 9.5324m",25.3832379459955,51.4674924727433,Entrance
Entrance #83302,"Type: Entrance, Accuracy: 7.135m",25.3834181560087,51.46737895,Entrance
Entrance #83303,"Type: Entrance, Accuracy: 15.841375m",25.3846030959888,51.5228080558723,Entrance
Entrance #83305,"Type: Entrance, Accuracy: 8.27525m",25.3841732386409,51.5230381663544,Entrance
Entrance #83306,"Type: Entrance, Accuracy: 4.5396m",25.3847837200662,51.5228967864411,Entrance
Entrance #83307,"Type: Entrance, Accuracy: 6.481m",25.384570769762,51.5229952535332,Entrance
Entrance #83310,"Type: Entrance, Accuracy: 7.5879m",25.3884145,51.4416129,Entrance
Entrance #83311,"Type: Entrance, Accuracy: 35.0082m",25.3901296,51.4305059,Entrance
Entrance #83312,"Type: Entrance, Accuracy: 21.2193333333333m",25.3913630562419,51.5241762120902,Entrance
Entrance #83313,"Type: Entrance, Accuracy: 5.1639m",25.3913979080912,51.5256400627465,Entrance
Entrance #83314,"Type: Entrance, Accuracy: 8.98925m",25.3916944439304,51.525695556181,Entrance
Entrance #83315,"Type: Entrance, Accuracy: 5.1559m",25.3917772020236,51.5261682561551,Entrance
Entrance #83316,"Type: Entrance, Accuracy: 5.33706666666667m",25.3924345979749,51.525061956052,Entrance
Entrance #83317,"Type: Entrance, Accuracy: 3.7246m",25.3926956,51.5261798240228,Entrance
Entrance #83318,"Type: Entrance, Accuracy: 3.77005m",25.3923760520251,51.5264108,Entrance
Entrance #83319,"Type: Entrance, Accuracy: 5.6904m",25.3925516918988,51.5267250637497,Entrance
Entrance #83320,"Type: Entrance, Accuracy: 9.7301m",25.3925605,51.5252810620562,Entrance
Entrance #83321,"Type: Entrance, Accuracy: 11.419m",25.393066987841,51.5258738880755,Entrance
Entrance #83322,"Type: Entrance, Accuracy: 9.4906m",25.39436889797,51.428457367193,Entrance
Entrance #83323,"Type: Entrance, Accuracy: 11.5621428571429m",25.3955718723685,51.422214976928,Entrance
Entrance #83324,"Type: Entrance, Accuracy: 6.2647m",25.395993547966,51.4229002445387,Entrance
Entrance #83325,"Type: Entrance, Accuracy: 4.4311m",25.396004795932,51.4265233,Entrance
Entrance #83326,"Type: Entrance, Accuracy: 5.7881052631579m",25.396004495932,51.4232172453747,Entrance
Entrance #83327,"Type: Entrance, Accuracy: 4.213m",25.3964194430617,51.445096081754,Entrance
Entrance #83328,"Type: Entrance, Accuracy: 11.367m",25.3969226508992,51.5081500454487,Entrance
Entrance #83329,"Type: Entrance, Accuracy: 5.96585m",25.3969216009398,51.5082709001503,Entrance
Entrance #83330,"Type: Entrance, Accuracy: 5.7543m",25.3976714072006,51.4254381734398,Entrance
Entrance #83331,"Type: Entrance, Accuracy: 1.48385m",25.3976267,51.4296418448129,Entrance
Entrance #83332,"Type: Entrance, Accuracy: 4.928m",25.3972878661177,51.4251836793455,Entrance
Entrance #83333,"Type: Entrance, Accuracy: 8.02m",25.3976559125091,51.4254072919508,Entrance
Entrance #83334,"Type: Entrance, Accuracy: 9.658m",25.3997341351334,51.4225409111442,Entrance
Entrance #83335,"Type: Entrance, Accuracy: 7.0775m",25.4009167,51.5110896,Entrance
Entrance #83336,"Type: Entrance, Accuracy: 11.241m",25.4008467,51.5126371,Entrance
Entrance #83337,"Type: Entrance, Accuracy: 7.25135m",25.4011573260404,51.4203672801379,Entrance
Entrance #83338,"Type: Entrance, Accuracy: 4.28m",25.4014312,51.5122297,Entrance
Entrance #83339,"Type: Entrance, Accuracy: 4.469m",25.4015660662253,51.4200442349291,Entrance
Entrance #83340,"Type: Entrance, Accuracy: 7.26985m",25.4036665020532,51.4403614,Entrance
Entrance #83342,"Type: Entrance, Accuracy: 4.89875m",25.4054830561734,51.4544005961265,Entrance
Entrance #83343,"Type: Entrance, Accuracy: 5.34445m",25.4055663110266,51.522297083228,Entrance
Entrance #83344,"Type: Entrance, Accuracy: 16.329m",25.4060071594555,51.5218716878104,Entrance
Entrance #83345,"Type: Entrance, Accuracy: 7.622m",25.4069861,51.4423454536329,Entrance
Entrance #83346,"Type: Entrance, Accuracy: 4.82193333333333m",25.4078979241306,51.4181341019112,Entrance
Entrance #83347,"Type: Entrance, Accuracy: 7.32026315789474m",25.4080761167418,51.4188918390877,Entrance
Entrance #83348,"Type: Entrance, Accuracy: 9.826875m",25.4080559177523,51.4192293325383,Entrance
Entrance #83349,"Type: Entrance, Accuracy: 6.844m",25.4083401078749,51.4192717939861,Entrance
Entrance #83350,"Type: Entrance, Accuracy: 7.31m",25.4082849979354,51.4200611136809,Entrance
Entrance #83351,"Type: Entrance, Accuracy: 6.2174m",25.4080013848782,51.4190923572666,Entrance
Entrance #83352,"Type: Entrance, Accuracy: 4.8071m",25.4084677020651,51.4198741533838,Entrance
Entrance #83353,"Type: Entrance, Accuracy: 6.259m",25.4083319083251,51.4192757949313,Entrance
Entrance #83354,"Type: Entrance, Accuracy: 9.2157m",25.4085315958697,51.4200664,Entrance
Entrance #83355,"Type: Entrance, Accuracy: 4.8296m",25.4086070458693,51.4201095466302,Entrance
Entrance #83356,"Type: Entrance, Accuracy: 7.6171m",25.4082982905615,51.4187089615906,Entrance
Entrance #83357,"Type: Entrance, Accuracy: 8.61305m",25.4084978,51.4200924432364,Entrance
Entrance #83358,"Type: Entrance, Accuracy: 12.55795m",25.4089287,51.4210872466898,Entrance
Entrance #83359,"Type: Entrance, Accuracy: 7.207m",25.4091133094446,51.4220246282475,Entrance
Entrance #83360,"Type: Entrance, Accuracy: 9.83255m",25.4089222020663,51.446378,Entrance
Entrance #83361,"Type: Entrance, Accuracy: 7.143m",25.4089219041326,51.4465496400841,Entrance
Entrance #83362,"Type: Entrance, Accuracy: 22.56955m",25.4090545979335,51.4204679532924,Entrance
Entrance #83363,"Type: Entrance, Accuracy: 5.5885m",25.4090854005731,51.5047486625054,Entrance
Entrance #83364,"Type: Entrance, Accuracy: 7.564m",25.4091252974108,51.4220544679694,Entrance
Entrance #83365,"Type: Entrance, Accuracy: 10.8052m",25.4093176847508,51.4195498378071,Entrance
Entrance #83366,"Type: Entrance, Accuracy: 6.778m",25.4092653655142,51.4218412038071,Entrance
Entrance #83367,"Type: Entrance, Accuracy: 6.136m",25.4091897667786,51.4222149410694,Entrance
Entrance #83368,"Type: Entrance, Accuracy: 10.8917m",25.4096282639389,51.4202821301118,Entrance
Entrance #83369,"Type: Entrance, Accuracy: 5.42725m",25.4095155375019,51.4221983686474,Entrance
Entrance #83370,"Type: Entrance, Accuracy: 7.43925m",25.4094061165423,51.4474697064133,Entrance
Entrance #83371,"Type: Entrance, Accuracy: 6.45655m",25.4109047041425,51.4105594559518,Entrance
Entrance #83372,"Type: Entrance, Accuracy: 6.6771m",25.4108635562136,51.4107405351015,Entrance
Entrance #83373,"Type: Entrance, Accuracy: 7.2319m",25.4109329479288,51.4102932566262,Entrance
Entrance #83374,"Type: Entrance, Accuracy: 6.61855m",25.4109154186443,51.4105455291318,Entrance
Entrance #83375,"Type: Entrance, Accuracy: 7.31m",25.4109661145014,51.4098211293465,Entrance
Entrance #83376,"Type: Entrance, Accuracy: 5.5616m",25.411272008289,51.4094580470912,Entrance
Entrance #83377,"Type: Entrance, Accuracy: 6.5572m",25.4110567979285,51.4491348529598,Entrance
Entrance #83379,"Type: Entrance, Accuracy: 9.2795m",25.4122863041494,51.4082358,Entrance
Entrance #83380,"Type: Entrance, Accuracy: 11.792m",25.4127018083032,51.4070525526712,Entrance
Entrance #83381,"Type: Entrance, Accuracy: 11.254m",25.4153662221538,51.4979862335451,Entrance
Entrance #83382,"Type: Entrance, Accuracy: 12.388m",25.416148850614,51.4945441405301,Entrance
Entrance #83383,"Type: Entrance, Accuracy: 10.111m",25.4160295171316,51.4951570577376,Entrance
Entrance #83384,"Type: Entrance, Accuracy: 10.034m",25.416125,51.4949244,Entrance
Entrance #83385,"Type: Entrance, Accuracy: 9.86357894736842m",25.4170957965493,51.5015994871532,Entrance
Entrance #83387,"Type: Entrance, Accuracy: 10.1843076923077m",25.4246089,51.4818331,Entrance
Entrance #83388,"Type: Entrance, Accuracy: 4.88m",25.4271317807864,51.5056893514542,Entrance
Entrance #83389,"Type: Entrance, Accuracy: 4.6539m",25.4272333,51.4504664005361,Entrance
Entrance #83390,"Type: Entrance, Accuracy: 5.06515m",25.4275033,51.469118351115696,Entrance
Entrance #83391,"Type: Entrance, Accuracy: 16.86725m",25.4276695978872,51.5040611005956,Entrance
Entrance #83392,"Type: Entrance, Accuracy: 7.48715m",25.4322579042488,51.4114353994263,Entrance
Entrance #83393,"Type: Entrance, Accuracy: 5.1018m",25.4339738893582,51.4105212016756,Entrance
Entrance #83394,"Type: Entrance, Accuracy: 6.738m",25.4342063893553,51.4108395982471,Entrance
Entrance #83395,"Type: Entrance, Accuracy: 8.9341m",25.4365335765209,51.4423573574719,Entrance
Entrance #83396,"Type: Entrance, Accuracy: 3.783m",25.438029860266,51.4510875003026,Entrance
Entrance #83397,"Type: Entrance, Accuracy: 17.8609m",25.4682557022141,51.4022718828185,Entrance
Entrance #83399,"Type: Entrance, Accuracy: 1.6224m",25.4689898911374,51.4023723266832,Entrance
Entrance #83400,"Type: Entrance, Accuracy: 9.9559m",25.4794563044841,51.408934850603,Entrance
Entrance #83401,"Type: Entrance, Accuracy: 5.19035m",25.5462163927747,51.4331126521489,Entrance
Entrance #83402,"Type: Entrance, Accuracy: 8.95835714285714m",25.1452502957631,51.6002377063725,Entrance
Entrance #83403,"Type: Entrance, Accuracy: 45.13825m",25.1706872236164,51.5871848203502,Entrance
Entrance #83404,"Type: Entrance, Accuracy: 9.80426315789474m",25.1968305632233,51.5084410499799,Entrance
Entrance #83405,"Type: Entrance, Accuracy: 6.276m",25.1966775602076,51.5091112199515,Entrance
Entrance #83406,"Type: Entrance, Accuracy: 5.701m",25.1989515464823,51.4515076502384,Entrance
Entrance #83407,"Type: Entrance, Accuracy: 2.47375m",25.216465474595,51.4255611445015,Entrance
Entrance #83408,"Type: Entrance, Accuracy: 6.9304m",25.221915314834,51.5453812487737,Entrance
Entrance #83409,"Type: Entrance, Accuracy: 5.132m",25.2219192570591,51.5453973677885,Entrance
Entrance #83410,"Type: Entrance, Accuracy: 4.77418181818182m",25.2236502383136,51.5967413219438,Entrance
Entrance #83411,"Type: Entrance, Accuracy: 14.708m",25.2267087,51.4551297,Entrance
Entrance #83412,"Type: Entrance, Accuracy: 5.33m",25.2277920109688,51.4993487877233,Entrance
Entrance #83413,"Type: Entrance, Accuracy: 10.099m",25.2305163311914,51.4878200803666,Entrance
Entrance #83414,"Type: Entrance, Accuracy: 6.1558m",25.23317647311,51.4321897565739,Entrance
Entrance #83415,"Type: Entrance, Accuracy: 6.491m",25.2332888306341,51.4023371667455,Entrance
Entrance #83416,"Type: Entrance, Accuracy: 7.0931m",25.2415788370869,51.43221973317,Entrance
Entrance #83418,"Type: Entrance, Accuracy: 4.3m",25.2460864345506,51.4304328482902,Entrance
Entrance #83419,"Type: Entrance, Accuracy: 8.501m",25.2471409055433,51.4886902941332,Entrance
Entrance #83420,"Type: Entrance, Accuracy: 23.723m",25.2472932890701,51.4557757602098,Entrance
Entrance #83421,"Type: Entrance, Accuracy: 7.38938888888889m",25.2488888445629,51.4551068642403,Entrance
Entrance #83422,"Type: Entrance, Accuracy: 0.972m",25.2497620769775,51.4697378941533,Entrance
Entrance #83423,"Type: Entrance, Accuracy: 10.111m",25.2500939355624,51.4705454205276,Entrance
Entrance #83424,"Type: Entrance, Accuracy: 7.31m",25.2500199251009,51.4695430010688,Entrance
Entrance #83425,"Type: Entrance, Accuracy: 11.4027m",25.2505410471439,51.4706670118892,Entrance
Entrance #83426,"Type: Entrance, Accuracy: 7.31m",25.2504176619489,51.4706152117427,Entrance
Entrance #83427,"Type: Entrance, Accuracy: 8.187m",25.2507503105323,51.4702140796459,Entrance
Entrance #83428,"Type: Entrance, Accuracy: 23.867m",25.2516496223553,51.4690264700755,Entrance
Entrance #83429,"Type: Entrance, Accuracy: 11.47725m",25.2520494126784,51.4699606844667,Entrance
Entrance #83430,"Type: Entrance, Accuracy: 5.62766666666667m",25.2520110820795,51.4699882884731,Entrance
Entrance #83431,"Type: Entrance, Accuracy: 7.005m",25.2522035570981,51.4692762370687,Entrance
Entrance #83432,"Type: Entrance, Accuracy: 4.50005m",25.2529888824648,51.4797543591312,Entrance
Entrance #83433,"Type: Entrance, Accuracy: 7.31m",25.2542019241899,51.4822819241989,Entrance
Entrance #83434,"Type: Entrance, Accuracy: 10.0006m",25.2544197167232,51.54558527712231,Entrance
Entrance #83436,"Type: Entrance, Accuracy: 1.6317m",25.2547962069892,51.4306305147085,Entrance
Entrance #83437,"Type: Entrance, Accuracy: 3.9131m",25.2554892970442,51.4518175297678,Entrance
Entrance #83438,"Type: Entrance, Accuracy: 8.292m",25.2556518197405,51.4517542120493,Entrance
Entrance #83439,"Type: Entrance, Accuracy: 7.31m",25.2560138426951,51.4516346297654,Entrance
Entrance #83440,"Type: Entrance, Accuracy: 2.55866666666667m",25.2561020803831,51.4205330566435,Entrance
Entrance #83441,"Type: Entrance, Accuracy: 4.384m",25.2574840240291,51.4367341633005,Entrance
Entrance #83442,"Type: Entrance, Accuracy: 22.736m",25.2602991063617,51.4898111661258,Entrance
Entrance #83443,"Type: Entrance, Accuracy: 5.61455m",25.2610633458734,51.5022563331768,Entrance
Entrance #83444,"Type: Entrance, Accuracy: 9.24416666666667m",25.2609979322969,51.4443275667035,Entrance
Entrance #83445,"Type: Entrance, Accuracy: 5.11789473684211m",25.2616918,51.4396416,Entrance
Entrance #83446,"Type: Entrance, Accuracy: 7.43m",25.2647410427573,51.5375942914525,Entrance
Entrance #83447,"Type: Entrance, Accuracy: 8.095m",25.2676735,51.4820509,Entrance
Entrance #83448,"Type: Entrance, Accuracy: 8.7388m",25.2685708715693,51.4490933284879,Entrance
Entrance #83449,"Type: Entrance, Accuracy: 3.735m",25.2682197042354,51.4506585836076,Entrance
Entrance #83450,"Type: Entrance, Accuracy: 7.3404705882353m",25.2705781476447,51.50967912352289,Entrance
Entrance #83451,"Type: Entrance, Accuracy: 27.249m",25.2710391140897,51.4090605705748,Entrance
Entrance #83452,"Type: Entrance, Accuracy: 5.17463636363636m",25.2736133,51.4963096271226,Entrance
Entrance #83453,"Type: Entrance, Accuracy: 9.935m",25.2771423,51.507405,Entrance
Entrance #83454,"Type: Entrance, Accuracy: 13.536m",25.2795504626635,51.4128938847623,Entrance
Entrance #83455,"Type: Entrance, Accuracy: 6.3931m",25.2799710812325,51.4079950126963,Entrance
Entrance #83456,"Type: Entrance, Accuracy: 11.351m",25.2816962384031,51.5043835063134,Entrance
Entrance #83457,"Type: Entrance, Accuracy: 7.4m",25.2822044558841,51.4999102813817,Entrance
Entrance #83458,"Type: Entrance, Accuracy: 6.92378571428571m",25.2827979079043,51.5030928429413,Entrance
Entrance #83459,"Type: Entrance, Accuracy: 6.02333333333333m",25.2849853982417,51.5283573784965,Entrance
Entrance #83460,"Type: Entrance, Accuracy: 18.417m",25.2857803,51.5267078,Entrance
Entrance #83461,"Type: Entrance, Accuracy: 30.278m",25.2869923549622,51.5247723653738,Entrance
Entrance #83462,"Type: Entrance, Accuracy: 6.48945m",25.3012963734085,51.488107740129,Entrance
Entrance #83463,"Type: Entrance, Accuracy: 8.26593333333333m",25.3020205932913,51.420286978313,Entrance
Entrance #83464,"Type: Entrance, Accuracy: 2.745m",25.3029789409094,51.4190852609291,Entrance
Entrance #83465,"Type: Entrance, Accuracy: 7.1133m",25.3102719555211,51.4198125652147,Entrance
Entrance #83466,"Type: Entrance, Accuracy: 9.90785m",25.3161145073429,51.4022003626438,Entrance
Entrance #83467,"Type: Entrance, Accuracy: 10.923m",25.3233402010718,51.5260599962206,Entrance
Entrance #83468,"Type: Entrance, Accuracy: 12.0745294117647m",25.3245315055697,51.3501585172895,Entrance
Entrance #83469,"Type: Entrance, Accuracy: 10.646m",25.326750004818,51.3485315659212,Entrance
Entrance #83470,"Type: Entrance, Accuracy: 11.6622m",25.3277317645452,51.4655034664467,Entrance
Entrance #83471,"Type: Entrance, Accuracy: 11.7m",25.3286345,51.3485143,Entrance
Entrance #83472,"Type: Entrance, Accuracy: 8.668m",25.3279020663712,51.4509320323966,Entrance
Entrance #83473,"Type: Entrance, Accuracy: 5.7953m",25.328002121808,51.451342444377,Entrance
Entrance #83474,"Type: Entrance, Accuracy: 9.5794m",25.3287373257937,51.4528355418922,Entrance
Entrance #83475,"Type: Entrance, Accuracy: 17.144m",25.3282023293423,51.350976232179,Entrance
Entrance #83476,"Type: Entrance, Accuracy: 5.7127m",25.3301270962595,51.3848447836208,Entrance
Entrance #83477,"Type: Entrance, Accuracy: 8.604m",25.3323523215179,51.4618496515061,Entrance
Entrance #83478,"Type: Entrance, Accuracy: 7.31m",25.3331080985266,51.4470812460985,Entrance
Entrance #83479,"Type: Entrance, Accuracy: 11.10475m",25.3336868056379,51.4667658946508,Entrance
Entrance #83480,"Type: Entrance, Accuracy: 9.314m",25.3343264,51.4651142,Entrance
Entrance #83481,"Type: Entrance, Accuracy: 26.6710588235294m",25.3347747782383,51.460382507852,Entrance
Entrance #83482,"Type: Entrance, Accuracy: 3.867m",25.3349898296435,51.466174126712,Entrance
Entrance #83484,"Type: Entrance, Accuracy: 5.072m",25.3364357080817,51.506699654400094,Entrance
Entrance #83485,"Type: Entrance, Accuracy: 4.04395m",25.3367599588421,51.477184470258,Entrance
Entrance #83486,"Type: Entrance, Accuracy: 3.3383m",25.3370260451393,51.5053706899316,Entrance
Entrance #83487,"Type: Entrance, Accuracy: 9.239m",25.3383757988152,51.4595295091978,Entrance
Entrance #83488,"Type: Entrance, Accuracy: 4.38785m",25.3405008537924,51.4346011120967,Entrance
Entrance #83489,"Type: Entrance, Accuracy: 6.9458m",25.3493755049557,51.4565479481053,Entrance
Entrance #83490,"Type: Entrance, Accuracy: 6.85395m",25.3520308,51.4324238,Entrance
Entrance #83491,"Type: Entrance, Accuracy: 5.6139m",25.3522337,51.43002,Entrance
Entrance #83492,"Type: Entrance, Accuracy: 4.302m",25.3527281,51.4349819,Entrance
Entrance #83493,"Type: Entrance, Accuracy: 8.7921m",25.3554145379203,51.4789924034889,Entrance
Entrance #83494,"Type: Entrance, Accuracy: 3.7128m",25.3587038227587,51.5252705067903,Entrance
Entrance #83495,"Type: Entrance, Accuracy: 4.8469m",25.3589722930998,51.5252831891996,Entrance
Entrance #83496,"Type: Entrance, Accuracy: 10.132m",25.3649929143077,51.5405394448128,Entrance
Entrance #83497,"Type: Entrance, Accuracy: 11.3165m",25.3672872583493,51.5504842292895,Entrance
Entrance #83498,"Type: Entrance, Accuracy: 6.72665m",25.3698333733024,51.4507129496228,Entrance
Entrance #83499,"Type: Entrance, Accuracy: 3.88226315789474m",25.371205213809,51.5260601404507,Entrance
Entrance #83500,"Type: Entrance, Accuracy: 4.064m",25.3747277126964,51.524277323249294,Entrance
Entrance #83501,"Type: Entrance, Accuracy: 8.2104m",25.3765116,51.525504,Entrance
Entrance #83502,"Type: Entrance, Accuracy: 4.169m",25.3765732183863,51.4509555897765,Entrance
Entrance #83503,"Type: Entrance, Accuracy: 8.98025m",25.3774442143759,51.5256249732206,Entrance
Entrance #83504,"Type: Entrance, Accuracy: 26.67m",25.3807199059886,51.4636499739508,Entrance
Entrance #83505,"Type: Entrance, Accuracy: 16.1165454545455m",25.3840714352013,51.4439104405691,Entrance
Entrance #83507,"Type: Entrance, Accuracy: 47.033m",25.386653894397,51.440555478565294,Entrance
Entrance #83508,"Type: Entrance, Accuracy: 26.8215m",25.3866864503313,51.5273715432404,Entrance
Entrance #83509,"Type: Entrance, Accuracy: 7.31m",25.3884801040309,51.4416612700976,Entrance
Entrance #83510,"Type: Entrance, Accuracy: 8.36275m",25.3959815373038,51.5210800201206,Entrance
Entrance #83511,"Type: Entrance, Accuracy: 10.9693333333333m",25.3973470069519,51.4251456474941,Entrance
Entrance #83512,"Type: Entrance, Accuracy: 10.099m",25.4010807978042,51.5131476253299,Entrance
Entrance #83513,"Type: Entrance, Accuracy: 36.8733636363636m",25.4042894263065,51.5199963069234,Entrance
Entrance #83514,"Type: Entrance, Accuracy: 15.0m",25.4080094686252,51.4182966676951,Entrance
Entrance #83515,"Type: Entrance, Accuracy: 6.19705263157895m",25.4094499979325,51.4198628129068,Entrance
Entrance #83516,"Type: Entrance, Accuracy: 4.8705m",25.4172505031543,51.5023947510651,Entrance
Entrance #83517,"Type: Entrance, Accuracy: 9.00261111111111m",25.4207687958088,51.5023806459534,Entrance
Entrance #83518,"Type: Entrance, Accuracy: 7.24168421052632m",25.4224804895013,51.3908910021469,Entrance
Entrance #83519,"Type: Entrance, Accuracy: 4.8417m",25.4361344478661,51.4422624512094,Entrance
